日期,股票代码,开盘,收盘,最高,最低,成交量,成交额,振幅,涨跌幅,涨跌额,换手率
2026-01-05,600519,1385.0,1426.0,1431.88,1385.0,70949,10018086372.0,3.4,3.54,48.82,0.57
2026-01-06,600519,1432.55,1428.01,1436.97,1416.53,39586,5649710153.0,1.43,0.14,2.01,0.32
2026-01-07,600519,1432.88,1423.36,1435.0,1420.2,29684,4234255286.0,1.04,-0.33,-4.65,0.24
2026-01-08,600519,1423.33,1412.3,1423.36,1408.14,29135,4117925041.0,1.07,-0.78,-11.06,0.23
2026-01-09,600519,1417.0,1419.1,1428.6,1416.01,29848,4243865418.0,0.89,0.48,6.8,0.24
2026-01-12,600519,1419.1,1423.23,1431.0,1417.1,36083,5135636033.0,0.98,0.29,4.13,0.29
2026-01-13,600519,1426.79,1411.0,1429.52,1408.99,39169,5555633779.0,1.44,-0.86,-12.23,0.31
2026-01-14,600519,1411.0,1398.01,1422.25,1396.18,51758,7285041159.0,1.85,-0.92,-12.99,0.41
2026-01-15,600519,1396.02,1388.89,1402.83,1388.58,40907,5698739671.0,1.02,-0.65,-9.12,0.33
2026-01-16,600519,1395.0,1382.0,1397.5,1380.0,55121,7643061998.0,1.26,-0.5,-6.89,0.44
2026-01-19,600519,1381.9,1376.0,1387.49,1375.0,42286,5833745442.0,0.9,-0.43,-6.0,0.34
2026-01-20,600519,1379.5,1373.55,1381.58,1372.05,36484,5021900765.0,0.69,-0.18,-2.45,0.29
2026-01-21,600519,1373.56,1351.06,1374.4,1350.0,64516,8775880803.0,1.78,-1.64,-22.49,0.52
2026-01-22,600519,1352.01,1340.06,1361.76,1337.48,59011,7962441434.0,1.8,-0.81,-11.0,0.47
2026-01-23,600519,1340.1,1337.0,1348.0,1332.47,61949,8301311489.0,1.16,-0.23,-3.06,0.49
2026-01-26,600519,1340.51,1342.0,1355.0,1325.12,80166,10751225525.0,2.23,0.37,5.0,0.64
2026-01-27,600519,1344.98,1343.01,1353.7,1338.0,48416,6514513216.0,1.17,0.08,1.01,0.39
2026-01-28,600519,1343.04,1323.69,1346.71,1322.01,76218,10135019524.0,1.84,-1.44,-19.32,0.61
2026-01-29,600519,1335.0,1437.72,1445.0,1329.06,189534,26305591086.0,8.76,8.61,114.03,1.51
2026-01-30,600519,1435.0,1401.0,1435.0,1401.0,94480,13366329414.0,2.36,-2.55,-36.72,0.75
2026-02-02,600519,1425.0,1427.0,1458.58,1411.62,85724,12312646443.0,3.35,1.86,26.0,0.68
2026-02-03,600519,1445.0,1474.92,1476.81,1443.03,86321,12628439703.0,2.37,3.36,47.92,0.69
2026-02-04,600519,1485.0,1525.0,1533.27,1474.0,109123,16444345980.0,4.02,3.4,50.08,0.87
2026-02-05,600519,1520.0,1555.0,1565.0,1515.0,91623,14183456476.0,3.28,1.97,30.0,0.73
2026-02-06,600519,1555.0,1515.01,1568.0,1505.88,78965,12019878669.0,3.99,-2.57,-39.99,0.63
2026-02-09,600519,1518.0,1524.96,1542.88,1513.49,51168,7809067705.0,1.94,0.66,9.95,0.41
2026-02-10,600519,1524.97,1504.8,1524.97,1496.5,39576,5953269321.0,1.87,-1.32,-20.16,0.32
2026-02-11,600519,1504.8,1504.33,1514.0,1496.0,30928,4648360030.0,1.2,-0.03,-0.47,0.25
2026-02-12,600519,1500.2,1486.6,1502.82,1473.36,46246,6874370113.0,1.96,-1.18,-17.73,0.37
2026-02-13,600519,1486.6,1485.3,1507.8,1470.58,41679,6216379203.0,2.5,-0.09,-1.3,0.33
2026-02-24,600519,1521.0,1466.8,1524.4,1463.6,41913,6198840572.0,4.09,-1.25,-18.5,0.33
2026-02-25,600519,1470.0,1491.66,1509.66,1467.88,36881,5490316149.0,2.85,1.69,24.86,0.29
2026-02-26,600519,1486.6,1466.21,1489.49,1464.67,32958,4855471430.0,1.66,-1.71,-25.45,0.26
2026-02-27,600519,1466.99,1455.02,1476.21,1455.02,32160,4697692477.0,1.45,-0.76,-11.19,0.26
2026-03-02,600519,1450.0,1440.11,1457.0,1436.66,35454,5115063511.0,1.4,-1.02,-14.91,0.28
2026-03-03,600519,1440.1,1426.19,1452.87,1422.13,45891,6565381648.0,2.13,-0.97,-13.92,0.37
2026-03-04,600519,1415.0,1401.18,1423.0,1392.09,48014,6743267103.0,2.17,-1.75,-25.01,0.38
2026-03-05,600519,1406.0,1399.04,1412.96,1395.0,30505,4276226062.0,1.28,-0.15,-2.14,0.24
2026-03-06,600519,1395.0,1402.0,1407.5,1388.0,29154,4072328833.0,1.39,0.21,2.96,0.23
2026-03-09,600519,1390.0,1397.0,1404.9,1383.2,37442,5220095639.0,1.55,-0.36,-5.0,0.3
2026-03-10,600519,1404.9,1401.88,1409.49,1398.0,24626,3457808916.0,0.82,0.35,4.88,0.2
2026-03-11,600519,1402.99,1400.0,1405.99,1398.02,24457,3425363892.0,0.57,-0.13,-1.88,0.2
2026-03-12,600519,1395.0,1392.0,1403.95,1391.01,27586,3850521717.0,0.92,-0.57,-8.0,0.22
2026-03-13,600519,1392.48,1413.64,1417.62,1392.0,33608,4738808558.0,1.84,1.55,21.64,0.27
2026-03-16,600519,1420.0,1460.18,1466.0,1420.0,60086,8711525836.0,3.25,3.29,46.54,0.48
2026-03-17,600519,1468.0,1485.0,1498.07,1461.19,49454,7347310632.0,2.53,1.7,24.82,0.39
2026-03-18,600519,1489.0,1468.8,1496.5,1463.15,35551,5239992522.0,2.25,-1.09,-16.2,0.28
2026-03-19,600519,1472.96,1452.87,1473.0,1446.0,30319,4404953481.0,1.84,-1.08,-15.93,0.24
2026-03-20,600519,1452.96,1445.0,1462.5,1439.0,26132,3782818260.0,1.62,-0.54,-7.87,0.21
2026-03-23,600519,1433.33,1408.07,1435.0,1400.03,47256,6669708665.0,2.42,-2.56,-36.93,0.38
2026-03-24,600519,1416.0,1407.33,1417.59,1400.18,28562,4017694387.0,1.24,-0.05,-0.74,0.23
2026-03-25,600519,1410.11,1410.27,1417.87,1401.01,26093,3677905549.0,1.2,0.21,2.94,0.21
2026-03-26,600519,1409.0,1401.18,1413.9,1400.3,23093,3243387502.0,0.96,-0.64,-9.09,0.18
2026-03-27,600519,1400.0,1416.02,1426.0,1396.66,30087,4257499781.0,2.09,1.06,14.84,0.24
2026-03-30,600519,1407.0,1420.0,1431.0,1402.52,28685,4060684934.0,2.01,0.28,3.98,0.23
2026-03-31,600519,1468.0,1450.0,1479.93,1448.41,61691,9015486797.0,2.22,2.11,30.0,0.49
2026-04-01,600519,1464.49,1459.44,1469.99,1452.88,29125,4256185472.0,1.18,0.65,9.44,0.23
2026-04-02,600519,1459.44,1459.88,1464.88,1452.1,21064,3071809846.0,0.88,0.03,0.44,0.17
2026-04-03,600519,1459.54,1460.0,1469.96,1455.0,20194,2953993081.0,1.02,0.01,0.12,0.16
2026-04-07,600519,1460.05,1440.02,1470.0,1435.05,24152,3507471653.0,2.39,-1.37,-19.98,0.19
2026-04-08,600519,1460.0,1465.02,1469.08,1452.13,33836,4947937007.0,1.18,1.74,25.0,0.27
2026-04-09,600519,1465.02,1460.49,1465.02,1447.5,20705,3012278579.0,1.2,-0.31,-4.53,0.17
2026-04-10,600519,1459.14,1453.96,1459.71,1441.1,28866,4187181529.0,1.27,-0.45,-6.53,0.23
2026-04-13,600519,1444.0,1443.31,1446.5,1433.0,25214,3629675490.0,0.93,-0.73,-10.65,0.2
2026-04-14,600519,1442.6,1446.9,1448.6,1435.0,24233,3492544230.0,0.94,0.25,3.59,0.19
2026-04-15,600519,1444.98,1467.5,1470.79,1442.0,34553,5049317187.0,1.99,1.42,20.6,0.28
2026-04-16,600519,1467.45,1462.84,1477.41,1460.0,24513,3597294838.0,1.19,-0.32,-4.66,0.2
2026-04-17,600519,1400.0,1407.24,1421.0,1399.87,96825,13631929446.0,1.44,-3.8,-55.6,0.77
2026-04-20,600519,1403.0,1410.89,1413.94,1400.0,36451,5127146041.0,0.99,0.26,3.65,0.29
2026-04-21,600519,1411.0,1412.01,1419.9,1410.0,21754,3074595192.0,0.7,0.08,1.12,0.17
2026-04-22,600519,1415.0,1409.5,1419.0,1404.98,26916,3793827534.0,0.99,-0.18,-2.51,0.21
2026-04-23,600519,1408.0,1419.0,1419.7,1405.1,37701,5332831151.0,1.04,0.67,9.5,0.3
2026-04-24,600519,1413.1,1458.49,1458.88,1413.1,55455,8003410999.0,3.23,2.78,39.49,0.44
2026-04-27,600519,1420.0,1403.2,1420.0,1402.2,72798,10239763452.0,1.22,-3.79,-55.29,0.58
2026-04-28,600519,1402.0,1405.0,1409.39,1400.11,34004,4772513712.0,0.66,0.13,1.8,0.27
2026-04-29,600519,1405.0,1401.17,1409.75,1400.28,34813,4881691348.0,0.67,-0.27,-3.83,0.28
2026-04-30,600519,1400.0,1384.79,1401.17,1380.0,52753,7316111748.0,1.51,-1.17,-16.38,0.42
2026-05-06,600519,1365.1,1375.0,1379.0,1360.05,47806,6550750940.0,1.37,-0.71,-9.79,0.38
2026-05-07,600519,1375.0,1371.05,1388.0,1370.01,40461,5573286315.0,1.31,-0.29,-3.95,0.32
2026-05-08,600519,1371.66,1372.99,1382.77,1370.0,33369,4582855939.0,0.93,0.14,1.94,0.27
2026-05-11,600519,1372.89,1361.33,1372.89,1361.0,57135,7790721392.0,0.87,-0.85,-11.66,0.46
2026-05-12,600519,1362.0,1354.55,1363.58,1350.5,50837,6886304982.0,0.96,-0.5,-6.78,0.41
2026-05-13,600519,1354.5,1344.09,1358.6,1338.0,56968,7653257144.0,1.52,-0.77,-10.46,0.45
2026-05-14,600519,1338.0,1342.17,1369.06,1335.18,55244,7428592859.0,2.52,-0.14,-1.92,0.44
2026-05-15,600519,1335.15,1332.95,1339.28,1327.11,58184,7749366540.0,0.91,-0.69,-9.22,0.46
2026-05-18,600519,1336.0,1323.0,1342.68,1319.61,49661,6594983723.0,1.73,-0.75,-9.95,0.4
2026-05-19,600519,1321.9,1324.3,1329.99,1318.0,43255,5719170335.0,0.91,0.1,1.3,0.35
2026-05-20,600519,1321.0,1315.0,1332.99,1314.0,47487,6271273748.0,1.43,-0.7,-9.3,0.38
2026-05-21,600519,1312.98,1311.0,1323.52,1311.0,38868,5112740391.0,0.95,-0.3,-4.0,0.31
2026-05-22,600519,1310.95,1290.2,1311.91,1290.12,49157,6372389482.0,1.66,-1.59,-20.8,0.39
2026-05-25,600519,1287.0,1285.88,1304.79,1277.0,46353,5978725158.0,2.15,-0.33,-4.32,0.37
2026-05-26,600519,1285.35,1273.38,1289.89,1270.01,45932,5867830633.0,1.55,-0.97,-12.5,0.37
2026-05-27,600519,1268.02,1303.0,1319.0,1250.1,82728,10586574902.0,5.41,2.33,29.62,0.66
2026-05-28,600519,1290.0,1275.98,1304.0,1271.0,45890,5895475019.0,2.53,-2.07,-27.02,0.37
2026-05-29,600519,1270.6,1326.0,1329.0,1270.0,76478,10037388211.0,4.62,3.92,50.02,0.61
